{"epoch": 170, "train_loss": 0.004963752029665776, "val_loss": 0.005257641253438888, "_timestamp": 1707464565.339863, "_runtime": 2349.473998069763, "_step": 171, "test_loss": 0.004850377226313338, "_wandb": {"runtime": 2348}}