{"epoch": 61, "train_loss": 0.005460364014473702, "val_loss": 0.005712124781826082, "_timestamp": 1707509425.7871408, "_runtime": 895.1985268592834, "_step": 62, "test_loss": 0.004926758996179752, "_wandb": {"runtime": 894}}