{"epoch": 4, "train_loss": 0.007186887072114371, "val_loss": 0.006588179602025553, "_timestamp": 1707196156.5908055, "_runtime": 3594.756329536438, "_step": 4, "_wandb": {"runtime": 4490}}