{"epoch": 3, "train_loss": 0.007500617242596218, "val_loss": 0.006985434663416085, "_timestamp": 1707459815.4373977, "_runtime": 1723.4597327709198, "_step": 3, "_wandb": {"runtime": 2545}}